,Date,Checkins
0,1/1/2019,2201765
1,1/2/2019,2424225
2,1/3/2019,2279384
3,1/4/2019,2230078
4,1/5/2019,2049460
5,1/6/2019,2299648
6,1/7/2019,2119879
7,1/8/2019,1805496
8,1/9/2019,1811152
9,1/10/2019,2029644
10,1/11/2019,2046974
11,1/12/2019,1671503
12,1/13/2019,2042237
13,1/14/2019,1959989
14,1/15/2019,1674596
15,1/16/2019,1856214
16,1/17/2019,2217324
17,1/18/2019,2350565
18,1/19/2019,1665747
19,1/20/2019,1845674
20,1/21/2019,2254626
21,1/22/2019,1877634
22,1/23/2019,1837029
23,1/24/2019,2067422
24,1/25/2019,2131407
25,1/26/2019,1637770
26,1/27/2019,2084603
27,1/28/2019,1938084
28,1/29/2019,1605701
29,1/30/2019,1664554
30,1/31/2019,2014515
31,2/1/2019,2155740
32,2/2/2019,1658417
33,2/3/2019,1861198
34,2/4/2019,2079030
35,2/5/2019,1725457
36,2/6/2019,1828932
37,2/7/2019,2140678
38,2/8/2019,2214249
39,2/9/2019,1715486
40,2/10/2019,2179046
41,2/11/2019,2133170
42,2/12/2019,1695994
43,2/13/2019,2030560
44,2/14/2019,2306090
45,2/15/2019,2444760
46,2/16/2019,1923760
47,2/17/2019,2150695
48,2/18/2019,2477521
49,2/19/2019,2178494
50,2/20/2019,2023523
51,2/21/2019,2353953
52,2/22/2019,2416293
53,2/23/2019,1917781
54,2/24/2019,2274850
55,2/25/2019,2240859
56,2/26/2019,1937469
57,2/27/2019,2090089
58,2/28/2019,2381453
59,3/1/2019,2431311
60,3/2/2019,1954068
61,3/3/2019,2302852
62,3/4/2019,2258980
63,3/5/2019,1980296
64,3/6/2019,2148953
65,3/7/2019,2404944
66,3/8/2019,2544987
67,3/9/2019,2156725
68,3/10/2019,2486948
69,3/11/2019,2380467
70,3/12/2019,2123988
71,3/13/2019,2187792
72,3/14/2019,2505399
73,3/15/2019,2634942
74,3/16/2019,2275192
75,3/17/2019,2546404
76,3/18/2019,2466739
77,3/19/2019,2191683
78,3/20/2019,2320885
79,3/21/2019,2513231
80,3/22/2019,2559307
81,3/23/2019,2227181
82,3/24/2019,2542643
83,3/25/2019,2434370
84,3/26/2019,2151913
85,3/27/2019,2273811
86,3/28/2019,2487162
87,3/29/2019,2538384
88,3/30/2019,2172920
89,3/31/2019,2510294
90,4/1/2019,2360053
91,4/2/2019,2026256
92,4/3/2019,2151626
93,4/4/2019,2411500
94,4/5/2019,2476884
95,4/6/2019,2011715
96,4/7/2019,2462929
97,4/8/2019,2384091
98,4/9/2019,2091056
99,4/10/2019,2229276
100,4/11/2019,2487398
101,4/12/2019,2590499
102,4/13/2019,2059142
103,4/14/2019,2446801
104,4/15/2019,2484580
105,4/16/2019,2208688
106,4/17/2019,2317381
107,4/18/2019,2616158
108,4/19/2019,2457133
109,4/20/2019,1988205
110,4/21/2019,2356802
111,4/22/2019,2594171
112,4/23/2019,2227475
113,4/24/2019,2254209
114,4/25/2019,2526961
115,4/26/2019,2521897
116,4/27/2019,1990464
117,4/28/2019,2506809
118,4/29/2019,2412770
119,4/30/2019,2102068
120,5/1/2019,2256442
121,5/2/2019,2499461
122,5/3/2019,2546029
123,5/4/2019,1968278
124,5/5/2019,2512598
125,5/6/2019,2470969
126,5/7/2019,2106597
127,5/8/2019,2270662
128,5/9/2019,2555342
129,5/10/2019,2602631
130,5/11/2019,1985942
131,5/12/2019,2419114
132,5/13/2019,2512315
133,5/14/2019,2191387
134,5/15/2019,2343675
135,5/16/2019,2611324
136,5/17/2019,2664549
137,5/18/2019,2091116
138,5/19/2019,2620276
139,5/20/2019,2615691
140,5/21/2019,2312727
141,5/22/2019,2472123
142,5/23/2019,2673635
143,5/24/2019,2792670
144,5/25/2019,2124825
145,5/26/2019,2070716
146,5/27/2019,2512237
147,5/28/2019,2453649
148,5/29/2019,2269035
149,5/30/2019,2485770
150,5/31/2019,2570613
151,6/1/2019,2117180
152,6/2/2019,2555578
153,6/3/2019,2499002
154,6/4/2019,2247421
155,6/5/2019,2370152
156,6/6/2019,2623947
157,6/7/2019,2649808
158,6/8/2019,2225952
159,6/9/2019,2669860
160,6/10/2019,2644981
161,6/11/2019,2433189
162,6/12/2019,2509058
163,6/13/2019,2675686
164,6/14/2019,2727860
165,6/15/2019,2318946
166,6/16/2019,2642083
167,6/17/2019,2699580
168,6/18/2019,2466574
169,6/19/2019,2552395
170,6/20/2019,2728786
171,6/21/2019,2772903
172,6/22/2019,2378559
173,6/23/2019,2719643
174,6/24/2019,2716428
175,6/25/2019,2506510
176,6/26/2019,2594661
177,6/27/2019,2711222
178,6/28/2019,2730515
179,6/29/2019,2368846
180,6/30/2019,2632030
181,7/1/2019,2455536
182,7/2/2019,2347767
183,7/3/2019,2547889
184,7/4/2019,2088760
185,7/5/2019,2184253
186,7/6/2019,2345846
187,7/7/2019,2795369
188,7/8/2019,2748718
189,7/9/2019,2506859
190,7/10/2019,2515902
191,7/11/2019,2608209
192,7/12/2019,2716812
193,7/13/2019,2312178
194,7/14/2019,2669717
195,7/15/2019,2615115
196,7/16/2019,2447177
197,7/17/2019,2522563
198,7/18/2019,2716828
199,7/19/2019,2776960
200,7/20/2019,2396462
201,7/21/2019,2727355
202,7/22/2019,2635312
203,7/23/2019,2499460
204,7/24/2019,2561911
205,7/25/2019,2705399
206,7/26/2019,2732770
207,7/27/2019,2364925
208,7/28/2019,2700723
209,7/29/2019,2613346
210,7/30/2019,2438967
211,7/31/2019,2542365
212,8/1/2019,2742882
213,8/2/2019,2730936
214,8/3/2019,2367967
215,8/4/2019,2688640
216,8/5/2019,2619406
217,8/6/2019,2387115
218,8/7/2019,2430094
219,8/8/2019,2707986
220,8/9/2019,2725000
221,8/10/2019,2290340
222,8/11/2019,2647897
223,8/12/2019,2567986
224,8/13/2019,2306829
225,8/14/2019,2391906
226,8/15/2019,2602446
227,8/16/2019,2627564
228,8/17/2019,2171962
229,8/18/2019,2584444
230,8/19/2019,2576965
231,8/20/2019,2247446
232,8/21/2019,2306838
233,8/22/2019,2533184
234,8/23/2019,2559244
235,8/24/2019,2039233
236,8/25/2019,2493162
237,8/26/2019,2358007
238,8/27/2019,2015088
239,8/28/2019,2188688
240,8/29/2019,2561109
241,8/30/2019,2658558
242,8/31/2019,1954902
243,9/1/2019,1887845
244,9/2/2019,2278159
245,9/3/2019,2037750
246,9/4/2019,1889044
247,9/5/2019,2109858
248,9/6/2019,2198828
249,9/7/2019,1755502
250,9/8/2019,2370003
251,9/9/2019,2292985
252,9/10/2019,1943379
253,9/11/2019,2005867
254,9/12/2019,2449302
255,9/13/2019,2484025
256,9/14/2019,1879822
257,9/15/2019,2485134
258,9/16/2019,2405832
259,9/17/2019,2013050
260,9/18/2019,2146857
261,9/19/2019,2455410
262,9/20/2019,2571924
263,9/21/2019,1938402
264,9/22/2019,2524397
265,9/23/2019,2431388
266,9/24/2019,2033490
267,9/25/2019,2188236
268,9/26/2019,2510926
269,9/27/2019,2547611
270,9/28/2019,1966234
271,9/29/2019,2452596
272,9/30/2019,2368818
273,10/1/2019,1998980
274,10/2/2019,2082179
275,10/3/2019,2447687
276,10/4/2019,2526835
277,10/5/2019,1921185
278,10/6/2019,2542118
279,10/7/2019,2400153
280,10/8/2019,2035628
281,10/9/2019,2215233
282,10/10/2019,2605291
283,10/11/2019,2688032
284,10/12/2019,2074718
285,10/13/2019,2555333
286,10/14/2019,2616771
287,10/15/2019,2313632
288,10/16/2019,2317763
289,10/17/2019,2581007
290,10/18/2019,2637667
291,10/19/2019,2049855
292,10/20/2019,2606266
293,10/21/2019,2514673
294,10/22/2019,2126637
295,10/23/2019,2245199
296,10/24/2019,2541581
297,10/25/2019,2594337
298,10/26/2019,1931971
299,10/27/2019,2478287
300,10/28/2019,2347017
301,10/29/2019,1910506
302,10/30/2019,2066516
303,10/31/2019,2047910
304,11/1/2019,2319906
305,11/2/2019,1836781
306,11/3/2019,2459525
307,11/4/2019,2403304
308,11/5/2019,2005101
309,11/6/2019,2147882
310,11/7/2019,2507365
311,11/8/2019,2617031
312,11/9/2019,1970562
313,11/10/2019,2425615
314,11/11/2019,2465392
315,11/12/2019,2150003
316,11/13/2019,2072207
317,11/14/2019,2364920
318,11/15/2019,2437211
319,11/16/2019,1807230
320,11/17/2019,2396681
321,11/18/2019,2298856
322,11/19/2019,1900895
323,11/20/2019,2071631
324,11/21/2019,2428095
325,11/22/2019,2550459
326,11/23/2019,2194291
327,11/24/2019,2321546
328,11/25/2019,2254188
329,11/26/2019,2435170
330,11/27/2019,2624250
331,11/28/2019,1591158
332,11/29/2019,1968137
333,11/30/2019,2648268
334,12/1/2019,2882915
335,12/2/2019,2591470
336,12/3/2019,2280403
337,12/4/2019,2122576
338,12/5/2019,2333173
339,12/6/2019,2348822
340,12/7/2019,1816896
341,12/8/2019,2359385
342,12/9/2019,2296732
343,12/10/2019,1964234
344,12/11/2019,2088451
345,12/12/2019,2433028
346,12/13/2019,2459107
347,12/14/2019,1954965
348,12/15/2019,2367915
349,12/16/2019,2320721
350,12/17/2019,2076328
351,12/18/2019,2304407
352,12/19/2019,2544637
353,12/20/2019,2681695
354,12/21/2019,2557988
355,12/22/2019,2589688
356,12/23/2019,2562555
357,12/24/2019,2042078
358,12/25/2019,1996541
359,12/26/2019,2623113
360,12/27/2019,2654247
361,12/28/2019,2540383
362,12/29/2019,2647034
363,12/30/2019,2572305
364,12/31/2019,2073706
365,1/1/2020,2196916
366,1/2/2020,2461726
367,1/3/2020,2381987
368,1/4/2020,2244162
369,1/5/2020,2491894
370,1/6/2020,2280882
371,1/7/2020,1871059
372,1/8/2020,1880834
373,1/9/2020,2102860
374,1/10/2020,2142463
375,1/11/2020,1749697
376,1/12/2020,2253585
377,1/13/2020,2060378
378,1/14/2020,1756374
379,1/15/2020,1943701
380,1/16/2020,2312979
381,1/17/2020,2418305
382,1/18/2020,1844437
383,1/19/2020,2064997
384,1/20/2020,2367538
385,1/21/2020,1936023
386,1/22/2020,1867782
387,1/23/2020,2169321
388,1/24/2020,2215449
389,1/25/2020,1705850
390,1/26/2020,2203488
391,1/27/2020,2073819
392,1/28/2020,1707733
393,1/29/2020,1842526
394,1/30/2020,2154295
395,1/31/2020,2229563
396,2/1/2020,1719082
397,2/2/2020,2011645
398,2/3/2020,2123304
399,2/4/2020,1742605
400,2/5/2020,1843877
401,2/6/2020,2167857
402,2/7/2020,2271551
403,2/8/2020,1770241
404,2/9/2020,2224826
405,2/10/2020,2164951
406,2/11/2020,1814047
407,2/12/2020,2038375
408,2/13/2020,2415185
409,2/14/2020,2507588
410,2/15/2020,1972248
411,2/16/2020,2198657
412,2/17/2020,2494922
413,2/18/2020,2190300
414,2/19/2020,2129862
415,2/20/2020,2358511
416,2/21/2020,2429489
417,2/22/2020,1951535
418,2/23/2020,2380359
419,2/24/2020,2267382
420,2/25/2020,1919803
421,2/26/2020,2075554
422,2/27/2020,2364727
423,2/28/2020,2441643
424,2/29/2020,1949696
425,3/1/2020,2353150
426,3/2/2020,2163067
427,3/3/2020,1806256
428,3/4/2020,1953782
429,3/5/2020,2203821
430,3/6/2020,2274787
431,3/7/2020,1913768
432,3/8/2020,2189961
433,3/9/2020,1982627
434,3/10/2020,1686927
435,3/11/2020,1774150
436,3/12/2020,1860802
437,3/13/2020,1785451
438,3/14/2020,1549429
439,3/15/2020,1585264
440,3/16/2020,1325097
441,3/17/2020,1029164
442,3/18/2020,847827
443,3/19/2020,694364
444,3/20/2020,669314
445,3/21/2020,608846
446,3/22/2020,510881
447,3/23/2020,388154
448,3/24/2020,330808
449,3/25/2020,288459
450,3/26/2020,252039
451,3/27/2020,244702
452,3/28/2020,226850
453,3/29/2020,223165
454,3/30/2020,197539
455,3/31/2020,190163
456,4/1/2020,176239
457,4/2/2020,160826
458,4/3/2020,166046
459,4/4/2020,151716
460,4/5/2020,156759
461,4/6/2020,142138
462,4/7/2020,126847
463,4/8/2020,123522
464,4/9/2020,132378
465,4/10/2020,137131
466,4/11/2020,119155
467,4/12/2020,116399
468,4/13/2020,129582
469,4/14/2020,113147
470,4/15/2020,115294
471,4/16/2020,119067
472,4/17/2020,130512
473,4/18/2020,119121
474,4/19/2020,128831
475,4/20/2020,123081
476,4/21/2020,114969
477,4/22/2020,121886
478,4/23/2020,135267
479,4/24/2020,147394
480,4/25/2020,130319
481,4/26/2020,151489
482,4/27/2020,143129
483,4/28/2020,133570
484,4/29/2020,142801
485,4/30/2020,179226
486,5/1/2020,197509
487,5/2/2020,154946
488,5/3/2020,192411
489,5/4/2020,185877
490,5/5/2020,149037
491,5/6/2020,159615
492,5/7/2020,211459
493,5/8/2020,236617
494,5/9/2020,187868
495,5/10/2020,220928
496,5/11/2020,236767
497,5/12/2020,181660
498,5/13/2020,199090
499,5/14/2020,256056
500,5/15/2020,272250
501,5/16/2020,213026
502,5/17/2020,276409
503,5/18/2020,267220
504,5/19/2020,209801
505,5/20/2020,251460
506,5/21/2020,342995
507,5/22/2020,373069
508,5/23/2020,273131
509,5/24/2020,289435
510,5/25/2020,364592
511,5/26/2020,286142
512,5/27/2020,283387
513,5/28/2020,345958
514,5/29/2020,352970
515,5/30/2020,292702
516,5/31/2020,377409
517,6/1/2020,379146
518,6/2/2020,289197
519,6/3/2020,326891
520,6/4/2020,418820
521,6/5/2020,446140
522,6/6/2020,376823
523,6/7/2020,468465
524,6/8/2020,458552
525,6/9/2020,363854
526,6/10/2020,413090
527,6/11/2020,531092
528,6/12/2020,548394
529,6/13/2020,463244
530,6/14/2020,573722
531,6/15/2020,565170
532,6/16/2020,444922
533,6/17/2020,469224
534,6/18/2020,607355
535,6/19/2020,618968
536,6/20/2020,536012
537,6/21/2020,621523
538,6/22/2020,639816
539,6/23/2020,499884
540,6/24/2020,525061
541,6/25/2020,655228
542,6/26/2020,664665
543,6/27/2020,575227
544,6/28/2020,662853
545,6/29/2020,657778
546,6/30/2020,530448
547,7/1/2020,659820
548,7/2/2020,800456
549,7/3/2020,752884
550,7/4/2020,495309
551,7/5/2020,767395
552,7/6/2020,793785
553,7/7/2020,678147
554,7/8/2020,669730
555,7/9/2020,751153
556,7/10/2020,752434
557,7/11/2020,696262
558,7/12/2020,796350
559,7/13/2020,738985
560,7/14/2020,579774
561,7/15/2020,626707
562,7/16/2020,747054
563,7/17/2020,761376
564,7/18/2020,685084
565,7/19/2020,788109
566,7/20/2020,737239
567,7/21/2020,567459
568,7/22/2020,609254
569,7/23/2020,746766
570,7/24/2020,767540
571,7/25/2020,687244
572,7/26/2020,790716
573,7/27/2020,740892
574,7/28/2020,573466
575,7/29/2020,612033
576,7/30/2020,758065
577,7/31/2020,810309
578,8/1/2020,749886
579,8/2/2020,841585
580,8/3/2020,781705
581,8/4/2020,583261
582,8/5/2020,638378
583,8/6/2020,787584
584,8/7/2020,806204
585,8/8/2020,723834
586,8/9/2020,875129
587,8/10/2020,806300
588,8/11/2020,598854
589,8/12/2020,630650
590,8/13/2020,805456
591,8/14/2020,827588
592,8/15/2020,730296
593,8/16/2020,905182
594,8/17/2020,818133
595,8/18/2020,604934
596,8/19/2020,627140
597,8/20/2020,815710
598,8/21/2020,808086
599,8/22/2020,665145
600,8/23/2020,884572
601,8/24/2020,771014
602,8/25/2020,562515
603,8/26/2020,578447
604,8/27/2020,766347
605,8/28/2020,783647
606,8/29/2020,631636
607,8/30/2020,850262
608,8/31/2020,756726
609,9/1/2020,554679
610,9/2/2020,617448
611,9/3/2020,920650
612,9/4/2020,1011740
613,9/5/2020,700693
614,9/6/2020,730258
615,9/7/2020,975969
616,9/8/2020,742411
617,9/9/2020,654713
618,9/10/2020,795943
619,9/11/2020,772564
620,9/12/2020,650936
621,9/13/2020,850789
622,9/14/2020,770933
623,9/15/2020,557373
624,9/16/2020,614309
625,9/17/2020,827439
626,9/18/2020,853578
627,9/19/2020,676079
628,9/20/2020,888597
629,9/21/2020,812782
630,9/22/2020,586414
631,9/23/2020,645143
632,9/24/2020,868664
633,9/25/2020,887865
634,9/26/2020,695777
635,9/27/2020,912853
636,9/28/2020,839120
637,9/29/2020,605277
638,9/30/2020,673484
639,10/1/2020,898999
640,10/2/2020,899602
641,10/3/2020,713537
642,10/4/2020,940229
643,10/5/2020,857900
644,10/6/2020,624953
645,10/7/2020,705110
646,10/8/2020,979780
647,10/9/2020,1012171
648,10/10/2020,807471
649,10/11/2020,1025511
650,10/12/2020,1000148
651,10/13/2020,716582
652,10/14/2020,755121
653,10/15/2020,993602
654,10/16/2020,1015559
655,10/17/2020,827049
656,10/18/2020,1073202
657,10/19/2020,963188
658,10/20/2020,699330
659,10/21/2020,732146
660,10/22/2020,978486
661,10/23/2020,1002285
662,10/24/2020,795028
663,10/25/2020,1024734
664,10/26/2020,940208
665,10/27/2020,684389
666,10/28/2020,705190
667,10/29/2020,914353
668,10/30/2020,934827
669,10/31/2020,652126
670,11/1/2020,978012
671,11/2/2020,885858
672,11/3/2020,610286
673,11/4/2020,673086
674,11/5/2020,906892
675,11/6/2020,937619
676,11/7/2020,728410
677,11/8/2020,1018164
678,11/9/2020,880911
679,11/10/2020,634852
680,11/11/2020,713636
681,11/12/2020,912775
682,11/13/2020,926908
683,11/14/2020,737242
684,11/15/2020,1024079
685,11/16/2020,888924
686,11/17/2020,613745
687,11/18/2020,704044
688,11/19/2020,909515
689,11/20/2020,1027055
690,11/21/2020,987446
691,11/22/2020,1049921
692,11/23/2020,919387
693,11/24/2020,959178
694,11/25/2020,1074824
695,11/26/2020,562697
696,11/27/2020,821789
697,11/28/2020,966412
698,11/29/2020,1179933
699,11/30/2020,986538
700,12/1/2020,783563
701,12/2/2020,672765
702,12/3/2020,779941
703,12/4/2020,795221
704,12/5/2020,669579
705,12/6/2020,878711
706,12/7/2020,745818
707,12/8/2020,537445
708,12/9/2020,601319
709,12/10/2020,795786
710,12/11/2020,831174
711,12/12/2020,702110
712,12/13/2020,906851
713,12/14/2020,794950
714,12/15/2020,617134
715,12/16/2020,679523
716,12/17/2020,901503
717,12/18/2020,1121876
718,12/19/2020,1121855
719,12/20/2020,1111609
720,12/21/2020,1002953
721,12/22/2020,1043366
722,12/23/2020,1244556
723,12/24/2020,885065
724,12/25/2020,683838
725,12/26/2020,1181793
726,12/27/2020,1334030
727,12/28/2020,1161059
728,12/29/2020,1069787
729,12/30/2020,1215423
730,12/31/2020,914456
731,1/1/2021,849514
732,1/2/2021,1246953
733,1/3/2021,1381448
734,1/4/2021,1130546
735,1/5/2021,807837
736,1/6/2021,705249
737,1/7/2021,814928
738,1/8/2021,816271
739,1/9/2021,750419
740,1/10/2021,929661
741,1/11/2021,750407
742,1/12/2021,557517
743,1/13/2021,605887
744,1/14/2021,848662
745,1/15/2021,945703
746,1/16/2021,729703
747,1/17/2021,852305
748,1/18/2021,921897
749,1/19/2021,597159
750,1/20/2021,581771
751,1/21/2021,772086
752,1/22/2021,799000
753,1/23/2021,644793
754,1/24/2021,882180
755,1/25/2021,744876
756,1/26/2021,508467
757,1/27/2021,574099
758,1/28/2021,794944
759,1/29/2021,818691
760,1/30/2021,656800
761,1/31/2021,903496
762,2/1/2021,671916
763,2/2/2021,532690
764,2/3/2021,619345
765,2/4/2021,822488
766,2/5/2021,876937
767,2/6/2021,707510
768,2/7/2021,854869
769,2/8/2021,867476
770,2/9/2021,617701
771,2/10/2021,735556
772,2/11/2021,1036723
773,2/12/2021,1155618
774,2/13/2021,902559
775,2/14/2021,950106
776,2/15/2021,972683
777,2/16/2021,742396
778,2/17/2021,774699
779,2/18/2021,915532
780,2/19/2021,1062561
781,2/20/2021,943723
782,2/21/2021,1119216
783,2/22/2021,964168
784,2/23/2021,717867
785,2/24/2021,804473
786,2/25/2021,1054777
787,2/26/2021,1097941
788,2/27/2021,919593
789,2/28/2021,1192326
790,3/1/2021,1049769
791,3/2/2021,744939
792,3/3/2021,826947
793,3/4/2021,1107943
794,3/5/2021,1169237
795,3/6/2021,994275
796,3/7/2021,1278653
797,3/8/2021,1119372
798,3/9/2021,826091
799,3/10/2021,974236
800,3/11/2021,1287040
801,3/12/2021,1410170
802,3/13/2021,1228317
803,3/14/2021,1347204
804,3/15/2021,1268273
805,3/16/2021,1092791
806,3/17/2021,1146638
807,3/18/2021,1413414
808,3/19/2021,1478042
809,3/20/2021,1375030
810,3/21/2021,1556471
811,3/22/2021,1364921
812,3/23/2021,1090056
813,3/24/2021,1177731
814,3/25/2021,1449187
815,3/26/2021,1536966
816,3/27/2021,1413260
817,3/28/2021,1580233
818,3/29/2021,1415144
819,3/30/2021,1139738
820,3/31/2021,1282646
821,4/1/2021,1567562
822,4/2/2021,1588784
823,4/3/2021,1404433
824,4/4/2021,1548893
825,4/5/2021,1569756
826,4/6/2021,1200572
827,4/7/2021,1234454
828,4/8/2021,1515715
829,4/9/2021,1555811
830,4/10/2021,1382954
831,4/11/2021,1567936
832,4/12/2021,1473015
833,4/13/2021,1093419
834,4/14/2021,1154820
835,4/15/2021,1496171
836,4/16/2021,1526424
837,4/17/2021,1282409
838,4/18/2021,1574791
839,4/19/2021,1419700
840,4/20/2021,1087776
841,4/21/2021,1167282
842,4/22/2021,1512553
843,4/23/2021,1529078
844,4/24/2021,1267678
845,4/25/2021,1573593
846,4/26/2021,1427079
847,4/27/2021,1083183
848,4/28/2021,1187046
849,4/29/2021,1528980
850,4/30/2021,1565558
851,5/1/2021,1340793
852,5/2/2021,1630261
853,5/3/2021,1470213
854,5/4/2021,1140584
855,5/5/2021,1272679
856,5/6/2021,1647819
857,5/7/2021,1705282
858,5/8/2021,1439280
859,5/9/2021,1711460
860,5/10/2021,1663855
861,5/11/2021,1320930
862,5/12/2021,1434435
863,5/13/2021,1749910
864,5/14/2021,1790431
865,5/15/2021,1520878
866,5/16/2021,1859924
867,5/17/2021,1742325
868,5/18/2021,1414076
869,5/19/2021,1500713
870,5/20/2021,1796354
871,5/21/2021,1833181
872,5/22/2021,1558549
873,5/23/2021,1874277
874,5/24/2021,1752297
875,5/25/2021,1478917
876,5/26/2021,1627422
877,5/27/2021,1867067
878,5/28/2021,1969075
879,5/29/2021,1614785
880,5/30/2021,1662359
881,5/31/2021,1910828
882,6/1/2021,1694578
883,6/2/2021,1598873
884,6/3/2021,1823395
885,6/4/2021,1896190
886,6/5/2021,1686932
887,6/6/2021,1993494
888,6/7/2021,1837383
889,6/8/2021,1574822
890,6/9/2021,1684912
891,6/10/2021,1985698
892,6/11/2021,2044087
893,6/12/2021,1818203
894,6/13/2021,2104681
895,6/14/2021,1978110
896,6/15/2021,1701213
897,6/16/2021,1805340
898,6/17/2021,2047190
899,6/18/2021,2099797
900,6/19/2021,1886401
901,6/20/2021,2107997
902,6/21/2021,2036775
903,6/22/2021,1800947
904,6/23/2021,1866027
905,6/24/2021,2095773
906,6/25/2021,2147042
907,6/26/2021,1925933
908,6/27/2021,2181055
909,6/28/2021,2073847
910,6/29/2021,1820725
911,6/30/2021,1937606
912,7/1/2021,2152087
913,7/2/2021,2205102
914,7/3/2021,1918985
915,7/4/2021,1697422
916,7/5/2021,2167826
917,7/6/2021,1896755
918,7/7/2021,1891781
919,7/8/2021,2102632
920,7/9/2021,2158137
921,7/10/2021,1993017
922,7/11/2021,2211451
923,7/12/2021,2100231
924,7/13/2021,1840503
925,7/14/2021,1919907
926,7/15/2021,2162549
927,7/16/2021,2216363
928,7/17/2021,1992789
929,7/18/2021,2248801
930,7/19/2021,2147951
931,7/20/2021,1882824
932,7/21/2021,1947336
933,7/22/2021,2177183
934,7/23/2021,2232628
935,7/24/2021,2009417
936,7/25/2021,2247129
937,7/26/2021,2135322
938,7/27/2021,1872237
939,7/28/2021,1942685
940,7/29/2021,2138113
941,7/30/2021,2209522
942,7/31/2021,2017941
943,8/1/2021,2248894
944,8/2/2021,2104204
945,8/3/2021,1811428
946,8/4/2021,1867373
947,8/5/2021,2079440
948,8/6/2021,2116970
949,8/7/2021,1927576
950,8/8/2021,2183576
951,8/9/2021,2032871
952,8/10/2021,1737189
953,8/11/2021,1778638
954,8/12/2021,2053398
955,8/13/2021,2071913
956,8/14/2021,1818071
957,8/15/2021,2123872
958,8/16/2021,1984827
959,8/17/2021,1612933
960,8/18/2021,1698840
961,8/19/2021,1951656
962,8/20/2021,1992705
963,8/21/2021,1687357
964,8/22/2021,1966708
965,8/23/2021,1830076
966,8/24/2021,1474442
967,8/25/2021,1548018
968,8/26/2021,1829300
969,8/27/2021,1859603
970,8/28/2021,1515791
971,8/29/2021,1904152
972,8/30/2021,1641333
973,8/31/2021,1351765
974,9/1/2021,1473895
975,9/2/2021,1913865
976,9/3/2021,2137114
977,9/4/2021,1561225
978,9/5/2021,1633547
979,9/6/2021,2034282
980,9/7/2021,1666629
981,9/8/2021,1450281
982,9/9/2021,1690239
983,9/10/2021,1797588
984,9/11/2021,1369377
985,9/12/2021,1970138
986,9/13/2021,1673501
987,9/14/2021,1276190
988,9/15/2021,1457026
989,9/16/2021,1858720
990,9/17/2021,1948844
991,9/18/2021,1483305
992,9/19/2021,2083726
993,9/20/2021,1824666
994,9/21/2021,1340357
995,9/22/2021,1466926
996,9/23/2021,1910871
997,9/24/2021,2026013
998,9/25/2021,1529298
999,9/26/2021,2105417
1000,9/27/2021,1851991
1001,9/28/2021,1336835
1002,9/29/2021,1453368
1003,9/30/2021,1937665
1004,10/1/2021,2019716
1005,10/2/2021,1538107
1006,10/3/2021,2103061
1007,10/4/2021,1846687
1008,10/5/2021,1394280
1009,10/6/2021,1576263
1010,10/7/2021,2068329
1011,10/8/2021,2178818
1012,10/9/2021,1734033
1013,10/10/2021,2087077
1014,10/11/2021,2090755
1015,10/12/2021,1702427
1016,10/13/2021,1659052
1017,10/14/2021,2053322
1018,10/15/2021,2116988
1019,10/16/2021,1706852
1020,10/17/2021,2220642
1021,10/18/2021,2003439
1022,10/19/2021,1525074
1023,10/20/2021,1652011
1024,10/21/2021,2052193
1025,10/22/2021,2119017
1026,10/23/2021,1684418
1027,10/24/2021,2180380
1028,10/25/2021,1994218
1029,10/26/2021,1509452
1030,10/27/2021,1553733
1031,10/28/2021,1930016
1032,10/29/2021,1989947
1033,10/30/2021,1518998
1034,10/31/2021,1850278
1035,11/1/2021,2001864
1036,11/2/2021,1492468
1037,11/3/2021,1533093
1038,11/4/2021,1947471
1039,11/5/2021,2042336
1040,11/6/2021,1584913
1041,11/7/2021,2155649
1042,11/8/2021,1959106
1043,11/9/2021,1459203
1044,11/10/2021,1702552
1045,11/11/2021,2070980
1046,11/12/2021,2008291
1047,11/13/2021,1618028
1048,11/14/2021,2215702
1049,11/15/2021,2022347
1050,11/16/2021,1494701
1051,11/17/2021,1634212
1052,11/18/2021,2044622
1053,11/19/2021,2248096
1054,11/20/2021,2008922
1055,11/21/2021,2216940
1056,11/22/2021,2087536
1057,11/23/2021,2217635
1058,11/24/2021,2331880
1059,11/25/2021,1383501
1060,11/26/2021,1783938
1061,11/27/2021,2219149
1062,11/28/2021,2458325
1063,11/29/2021,2240556
1064,11/30/2021,1818492
1065,12/1/2021,1669185
1066,12/2/2021,1874481
1067,12/3/2021,1956238
1068,12/4/2021,1571068
1069,12/5/2021,2071647
1070,12/6/2021,1853893
1071,12/7/2021,1465585
1072,12/8/2021,1621499
1073,12/9/2021,1969493
1074,12/10/2021,2053444
1075,12/11/2021,1671592
1076,12/12/2021,2107361
1077,12/13/2021,1919994
1078,12/14/2021,1590394
1079,12/15/2021,1769605
1080,12/16/2021,2137354
1081,12/17/2021,2235581
1082,12/18/2021,2040879
1083,12/19/2021,2184906
1084,12/20/2021,2099852
1085,12/21/2021,1996071
1086,12/22/2021,2106209
1087,12/23/2021,2197896
1088,12/24/2021,1713351
1089,12/25/2021,1535935
1090,12/26/2021,2074458
1091,12/27/2021,2093615
1092,12/28/2021,2000891
1093,12/29/2021,2029343
1094,12/30/2021,2069413
1095,12/31/2021,1658357
1096,1/1/2022,1616850
1097,1/2/2022,2026176
1098,1/3/2022,1921966
1099,1/4/2022,1673499
1100,1/5/2022,1501170
1101,1/6/2022,1543985
1102,1/7/2022,1518098
1103,1/8/2022,1450135
1104,1/9/2022,1706857
1105,1/10/2022,1453110
1106,1/11/2022,1129725
1107,1/12/2022,1234827
1108,1/13/2022,1543648
1109,1/14/2022,1741376
1110,1/15/2022,1421612
1111,1/16/2022,1438492
1112,1/17/2022,1704328
1113,1/18/2022,1301256
1114,1/19/2022,1201589
1115,1/20/2022,1470973
1116,1/21/2022,1514895
1117,1/22/2022,1246901
1118,1/23/2022,1649090
1119,1/24/2022,1399342
1120,1/25/2022,1063856
1121,1/26/2022,1200998
1122,1/27/2022,1560893
1123,1/28/2022,1634225
1124,1/29/2022,1070815
1125,1/30/2022,1716055
1126,1/31/2022,1539356
1127,2/1/2022,1203689
1128,2/2/2022,1196728
1129,2/3/2022,1342502
1130,2/4/2022,1583678
1131,2/5/2022,1399603
1132,2/6/2022,1786681
1133,2/7/2022,1592651
1134,2/8/2022,1239137
1135,2/9/2022,1390835
1136,2/10/2022,1786323
1137,2/11/2022,1918436
1138,2/12/2022,1538874
1139,2/13/2022,1821279
1140,2/14/2022,1737532
1141,2/15/2022,1541222
1142,2/16/2022,1670550
1143,2/17/2022,1986581
1144,2/18/2022,2244042
1145,2/19/2022,1826833
1146,2/20/2022,2068827
1147,2/21/2022,2222002
1148,2/22/2022,1785417
1149,2/23/2022,1755527
1150,2/24/2022,1988432
1151,2/25/2022,2104233
1152,2/26/2022,1842536
1153,2/27/2022,2150118
1154,2/28/2022,1984773
1155,3/1/2022,1638699
1156,3/2/2022,1740923
1157,3/3/2022,2053525
1158,3/4/2022,2139036
1159,3/5/2022,1831741
1160,3/6/2022,2184096
1161,3/7/2022,2019553
1162,3/8/2022,1657723
1163,3/9/2022,1850986
1164,3/10/2022,2185904
1165,3/11/2022,2299583
1166,3/12/2022,1998129
1167,3/13/2022,2293374
1168,3/14/2022,2203639
1169,3/15/2022,1870647
1170,3/16/2022,2000210
1171,3/17/2022,2231375
1172,3/18/2022,2319876
1173,3/19/2022,2108715
1174,3/20/2022,2379182
1175,3/21/2022,2177240
1176,3/22/2022,1859077
1177,3/23/2022,1971979
1178,3/24/2022,2255090
1179,3/25/2022,2304825
1180,3/26/2022,2022231
1181,3/27/2022,2313481
1182,3/28/2022,2141002
1183,3/29/2022,1747597
1184,3/30/2022,1887509
1185,3/31/2022,2219675
1186,4/1/2022,2287653
1187,4/2/2022,1922516
1188,4/3/2022,2206569
1189,4/4/2022,2141153
1190,4/5/2022,1850647
1191,4/6/2022,1982006
1192,4/7/2022,2227151
1193,4/8/2022,2327849
1194,4/9/2022,1959523
1195,4/10/2022,2300909
1196,4/11/2022,2188196
1197,4/12/2022,1883285
1198,4/13/2022,2053892
1199,4/14/2022,2354474
1200,4/15/2022,2315430
1201,4/16/2022,1903886
1202,4/17/2022,2214376
1203,4/18/2022,2292729
1204,4/19/2022,1988681
1205,4/20/2022,2034403
1206,4/21/2022,2288508
1207,4/22/2022,2309474
1208,4/23/2022,1915707
1209,4/24/2022,2298561
1210,4/25/2022,2189296
1211,4/26/2022,1870392
1212,4/27/2022,1999806
1213,4/28/2022,2267171
1214,4/29/2022,2286852
1215,4/30/2022,1885701
1216,5/1/2022,2279287
1217,5/2/2022,2146993
1218,5/3/2022,1827782
1219,5/4/2022,1962832
1220,5/5/2022,2240816
1221,5/6/2022,2292080
1222,5/7/2022,1884883
1223,5/8/2022,2255547
1224,5/9/2022,2244645
1225,5/10/2022,1908906
1226,5/11/2022,2030630
1227,5/12/2022,2337876
1228,5/13/2022,2358444
1229,5/14/2022,1984654
1230,5/15/2022,2399801
1231,5/16/2022,2282944
1232,5/17/2022,2042144
1233,5/18/2022,2117010
1234,5/19/2022,2366865
1235,5/20/2022,2356404
1236,5/21/2022,1999651
1237,5/22/2022,2364240
1238,5/23/2022,2339945
1239,5/24/2022,2034843
1240,5/25/2022,2165771
1241,5/26/2022,2399579
1242,5/27/2022,2397928
1243,5/28/2022,2000335
1244,5/29/2022,2103022
1245,5/30/2022,2319237
1246,5/31/2022,2114935
1247,6/1/2022,2023231
1248,6/2/2022,2228271
1249,6/3/2022,2347283
1250,6/4/2022,1992251
1251,6/5/2022,2396442
1252,6/6/2022,2286429
1253,6/7/2022,2067274
1254,6/8/2022,2175579
1255,6/9/2022,2396538
1256,6/10/2022,2443671
1257,6/11/2022,2153865
1258,6/12/2022,2456971
1259,6/13/2022,2389152
1260,6/14/2022,2139865
1261,6/15/2022,2238873
1262,6/16/2022,2387496
1263,6/17/2022,2454485
1264,6/18/2022,2186387
1265,6/19/2022,2398687
1266,6/20/2022,2431925
1267,6/21/2022,2158912
1268,6/22/2022,2197876
1269,6/23/2022,2453936
1270,6/24/2022,2471808
1271,6/25/2022,2198435
1272,6/26/2022,2469720
1273,6/27/2022,2374892
1274,6/28/2022,2147125
1275,6/29/2022,2237932
1276,6/30/2022,2455588
1277,7/1/2022,2501366
1278,7/2/2022,2169068
1279,7/3/2022,2102878
1280,7/4/2022,2086854
1281,7/5/2022,2209031
1282,7/6/2022,2136035
1283,7/7/2022,2245980
1284,7/8/2022,2288984
1285,7/9/2022,2145996
1286,7/10/2022,2443836
1287,7/11/2022,2318551
1288,7/12/2022,2072335
1289,7/13/2022,2188234
1290,7/14/2022,2402480
1291,7/15/2022,2449536
1292,7/16/2022,2196011
1293,7/17/2022,2453236
1294,7/18/2022,2363728
1295,7/19/2022,2142454
1296,7/20/2022,2226450
1297,7/21/2022,2440027
1298,7/22/2022,2464194
1299,7/23/2022,2190483
1300,7/24/2022,2494885
1301,7/25/2022,2386005
1302,7/26/2022,2146087
1303,7/27/2022,2238047
1304,7/28/2022,2414062
1305,7/29/2022,2464079
1306,7/30/2022,2211091
1307,7/31/2022,2486969
1308,8/1/2022,2373400
1309,8/2/2022,2053497
1310,8/3/2022,2117390
1311,8/4/2022,2360671
1312,8/5/2022,2406372
1313,8/6/2022,2178405
1314,8/7/2022,2438788
1315,8/8/2022,2340305
1316,8/9/2022,2049473
1317,8/10/2022,2112967
1318,8/11/2022,2340082
1319,8/12/2022,2361142
1320,8/13/2022,2058033
1321,8/14/2022,2360307
1322,8/15/2022,2276507
1323,8/16/2022,2016730
1324,8/17/2022,2051652
1325,8/18/2022,2335005
1326,8/19/2022,2358565
1327,8/20/2022,2014843
1328,8/21/2022,2348153
1329,8/22/2022,2260555
1330,8/23/2022,1960482
1331,8/24/2022,1997252
1332,8/25/2022,2263665
1333,8/26/2022,2284831
1334,8/27/2022,1888903
1335,8/28/2022,2319869
1336,8/29/2022,2100205
1337,8/30/2022,1768473
1338,8/31/2022,2009736
1339,9/1/2022,2324033
1340,9/2/2022,2479578
1341,9/3/2022,1903950
1342,9/4/2022,1979923
1343,9/5/2022,2409938
1344,9/6/2022,2088456
1345,9/7/2022,1835889
1346,9/8/2022,2120200
1347,9/9/2022,2224222
1348,9/10/2022,1828963
1349,9/11/2022,2340559
1350,9/12/2022,2230866
1351,9/13/2022,1816435
1352,9/14/2022,1976151
1353,9/15/2022,2357970
1354,9/16/2022,2375510
1355,9/17/2022,1888228
1356,9/18/2022,2349493
1357,9/19/2022,2227301
1358,9/20/2022,1898568
1359,9/21/2022,1960592
1360,9/22/2022,2335489
1361,9/23/2022,2405872
1362,9/24/2022,1914884
1363,9/25/2022,2362292
1364,9/26/2022,2229901
1365,9/27/2022,1842212
1366,9/28/2022,1724121
1367,9/29/2022,2000766
1368,9/30/2022,2143343
1369,10/1/2022,1868495
1370,10/2/2022,2279898
1371,10/3/2022,2099505
1372,10/4/2022,1802567
1373,10/5/2022,1996446
1374,10/6/2022,2376101
1375,10/7/2022,2473989
1376,10/8/2022,2018002
1377,10/9/2022,2425613
1378,10/10/2022,2330624
1379,10/11/2022,2046661
1380,10/12/2022,2119772
1381,10/13/2022,2413700
1382,10/14/2022,2412403
1383,10/15/2022,2036937
1384,10/16/2022,2475395
1385,10/17/2022,2294755
1386,10/18/2022,2003403
1387,10/19/2022,2110090
1388,10/20/2022,2429402
1389,10/21/2022,2375559
1390,10/22/2022,2005659
1391,10/23/2022,2416107
1392,10/24/2022,2322585
1393,10/25/2022,1981651
1394,10/26/2022,2057463
1395,10/27/2022,2310460
1396,10/28/2022,2312356
1397,10/29/2022,1830454
1398,10/30/2022,2241429
1399,10/31/2022,1925032
1400,11/1/2022,1978549
1401,11/2/2022,1897396
1402,11/3/2022,2253501
1403,11/4/2022,2272855
1404,11/5/2022,1924975
1405,11/6/2022,2396744
1406,11/7/2022,2168053
1407,11/8/2022,1896916
1408,11/9/2022,1945183
1409,11/10/2022,2203214
1410,11/11/2022,2309163
1411,11/12/2022,1945373
1412,11/13/2022,2411406
1413,11/14/2022,2229804
1414,11/15/2022,1892613
1415,11/16/2022,2034880
1416,11/17/2022,2326100
1417,11/18/2022,2458089
1418,11/19/2022,2214717
1419,11/20/2022,2385400
1420,11/21/2022,2201022
1421,11/22/2022,2370351
1422,11/23/2022,2465337
1423,11/24/2022,1426195
1424,11/25/2022,1984980
1425,11/26/2022,2336633
1426,11/27/2022,2639616
1427,11/28/2022,2389672
1428,11/29/2022,1954785
1429,11/30/2022,1893497
1430,12/1/2022,2113719
1431,12/2/2022,2132571
1432,12/3/2022,1788666
1433,12/4/2022,2261227
1434,12/5/2022,2134176
1435,12/6/2022,1752091
1436,12/7/2022,1883346
1437,12/8/2022,2220053
1438,12/9/2022,2295917
1439,12/10/2022,1886068
1440,12/11/2022,2293624
1441,12/12/2022,2167861
1442,12/13/2022,1810814
1443,12/14/2022,1993063
1444,12/15/2022,2298485
1445,12/16/2022,2453178
1446,12/17/2022,2233861
1447,12/18/2022,2357086
1448,12/19/2022,2264761
1449,12/20/2022,2216373
1450,12/21/2022,2428528
1451,12/22/2022,2366608
1452,12/23/2022,2096506
1453,12/24/2022,1834551
1454,12/25/2022,1800463
1455,12/26/2022,2218145
1456,12/27/2022,2178719
1457,12/28/2022,2153682
1458,12/29/2022,2178433
1459,12/30/2022,2383422
1460,12/31/2022,1935413
1461,1/1/2023,2046950
1462,1/2/2023,2368194
1463,1/3/2023,2212528
1464,1/4/2023,1985965
1465,1/5/2023,2031976
1466,1/6/2023,2043547
1467,1/7/2023,1917290
1468,1/8/2023,2226917
1469,1/9/2023,2009868
1470,1/10/2023,1678250
1471,1/11/2023,1723117
1472,1/12/2023,2189475
1473,1/13/2023,2316713
1474,1/14/2023,1803651
1475,1/15/2023,2038119
1476,1/16/2023,2244873
1477,1/17/2023,1803155
1478,1/18/2023,1674129
1479,1/19/2023,1997346
1480,1/20/2023,2089417
1481,1/21/2023,1662736
1482,1/22/2023,2141703
1483,1/23/2023,1970280
1484,1/24/2023,1567069
1485,1/25/2023,1677909
1486,1/26/2023,2097825
1487,1/27/2023,2122066
1488,1/28/2023,1653401
1489,1/29/2023,2144644
1490,1/30/2023,1932983
1491,1/31/2023,1534786
1492,2/1/2023,1608110
1493,2/2/2023,2042277
1494,2/3/2023,2102998
1495,2/4/2023,1669806
1496,2/5/2023,2202873
1497,2/6/2023,2040256
1498,2/7/2023,1626257
1499,2/8/2023,1796332
1500,2/9/2023,2158573
1501,2/10/2023,2254803
1502,2/11/2023,1809116
1503,2/12/2023,2113837
1504,2/13/2023,2073820
1505,2/14/2023,1674639
1506,2/15/2023,2017144
1507,2/16/2023,2339970
1508,2/17/2023,2509923
1509,2/18/2023,2065901
1510,2/19/2023,2319072
1511,2/20/2023,2479184
1512,2/21/2023,2116450
1513,2/22/2023,2006058
1514,2/23/2023,2322309
1515,2/24/2023,2425335
1516,2/25/2023,2057210
1517,2/26/2023,2402716
1518,2/27/2023,2235417
1519,2/28/2023,1890744
1520,3/1/2023,2066150
1521,3/2/2023,2316735
1522,3/3/2023,2375579
1523,3/4/2023,2040488
1524,3/5/2023,2422425
1525,3/6/2023,2265014
1526,3/7/2023,1908536
1527,3/8/2023,2130141
1528,3/9/2023,2417279
1529,3/10/2023,2562561
1530,3/11/2023,2279320
1531,3/12/2023,2539093
1532,3/13/2023,2393346
1533,3/14/2023,2026905
1534,3/15/2023,2284299
1535,3/16/2023,2483683
1536,3/17/2023,2517226
1537,3/18/2023,2278805
1538,3/19/2023,2608462
1539,3/20/2023,2414648
1540,3/21/2023,2038001
1541,3/22/2023,2203488
1542,3/23/2023,2451051
1543,3/24/2023,2508221
1544,3/25/2023,2208541
1545,3/26/2023,2522600
1546,3/27/2023,2383816
1547,3/28/2023,2039138
1548,3/29/2023,2210676
1549,3/30/2023,2487147
1550,3/31/2023,2536088
1551,4/1/2023,2253892
1552,4/2/2023,2545494
1553,4/3/2023,2404966
1554,4/4/2023,2080546
1555,4/5/2023,2209680
1556,4/6/2023,2532778
1557,4/7/2023,2475896
1558,4/8/2023,2093075
1559,4/9/2023,2387558
1560,4/10/2023,2523060
1561,4/11/2023,2132314
1562,4/12/2023,2168441
1563,4/13/2023,2443213
1564,4/14/2023,2532863
1565,4/15/2023,2150251
1566,4/16/2023,2589787
1567,4/17/2023,2455406
1568,4/18/2023,2070303
1569,4/19/2023,2227164
1570,4/20/2023,2534751
1571,4/21/2023,2585925
1572,4/22/2023,2057354
1573,4/23/2023,2570184
1574,4/24/2023,2425693
1575,4/25/2023,2015155
1576,4/26/2023,2183316
1577,4/27/2023,2522454
1578,4/28/2023,2507149
1579,4/29/2023,2021030
1580,4/30/2023,2517228
1581,5/1/2023,2432660
1582,5/2/2023,1998688
1583,5/3/2023,2167265
1584,5/4/2023,2509080
1585,5/5/2023,2508503
1586,5/6/2023,2043895
1587,5/7/2023,2590391
1588,5/8/2023,2476280
1589,5/9/2023,2089430
1590,5/10/2023,2261499
1591,5/11/2023,2598784
1592,5/12/2023,2605959
1593,5/13/2023,2114178
1594,5/14/2023,2509333
1595,5/15/2023,2597124
1596,5/16/2023,2173966
1597,5/17/2023,2312740
1598,5/18/2023,2641296
1599,5/19/2023,2656058
1600,5/20/2023,2213613
1601,5/21/2023,2673457
1602,5/22/2023,2592466
1603,5/23/2023,2272281
1604,5/24/2023,2435811
1605,5/25/2023,2672648
1606,5/26/2023,2744596
1607,5/27/2023,2206475
1608,5/28/2023,2257797
1609,5/29/2023,2596978
1610,5/30/2023,2349003
1611,5/31/2023,2259502
1612,6/1/2023,2477726
1613,6/2/2023,2534892
1614,6/3/2023,2221890
1615,6/4/2023,2657217
1616,6/5/2023,2560508
1617,6/6/2023,2233160
1618,6/7/2023,2355913
1619,6/8/2023,2641522
1620,6/9/2023,2675115
1621,6/10/2023,2322170
1622,6/11/2023,2732330
1623,6/12/2023,2636399
1624,6/13/2023,2343000
1625,6/14/2023,2465528
1626,6/15/2023,2745743
1627,6/16/2023,2785332
1628,6/17/2023,2436004
1629,6/18/2023,2640349
1630,6/19/2023,2742546
1631,6/20/2023,2449389
1632,6/21/2023,2502239
1633,6/22/2023,2737829
1634,6/23/2023,2771672
1635,6/24/2023,2456148
1636,6/25/2023,2769270
1637,6/26/2023,2687481
1638,6/27/2023,2391503
1639,6/28/2023,2539399
1640,6/29/2023,2759141
1641,6/30/2023,2884783
1642,7/1/2023,2588334
1643,7/2/2023,2529730
1644,7/3/2023,2288645
1645,7/4/2023,2007441
1646,7/5/2023,2492923
1647,7/6/2023,2540237
1648,7/7/2023,2555001
1649,7/8/2023,2431155
1650,7/9/2023,2644639
1651,7/10/2023,2688266
1652,7/11/2023,2382030
1653,7/12/2023,2458378
1654,7/13/2023,2726021
1655,7/14/2023,2738461
1656,7/15/2023,2486503
1657,7/16/2023,2741762
1658,7/17/2023,2747357
1659,7/18/2023,2410972
1660,7/19/2023,2519328
1661,7/20/2023,2754386
1662,7/21/2023,2782146
1663,7/22/2023,2485646
1664,7/23/2023,2800368
1665,7/24/2023,2695657
1666,7/25/2023,2358536
1667,7/26/2023,2510210
1668,7/27/2023,2724438
1669,7/28/2023,2787676
1670,7/29/2023,2457943
1671,7/30/2023,2815068
1672,7/31/2023,2697794
1673,8/1/2023,2370591
1674,8/2/2023,2431864
1675,8/3/2023,2671674
1676,8/4/2023,2690858
1677,8/5/2023,2403611
1678,8/6/2023,2743779
1679,8/7/2023,2602015
1680,8/8/2023,2387917
1681,8/9/2023,2407319
1682,8/10/2023,2654716
1683,8/11/2023,2648556
1684,8/12/2023,2322724
1685,8/13/2023,2684914
1686,8/14/2023,2548291
1687,8/15/2023,2266285
1688,8/16/2023,2298936
1689,8/17/2023,2599098
1690,8/18/2023,2601291
1691,8/19/2023,2252655
1692,8/20/2023,2535369
1693,8/21/2023,2487458
1694,8/22/2023,2101467
1695,8/23/2023,2169394
1696,8/24/2023,2501995
1697,8/25/2023,2509342
1698,8/26/2023,2063356
1699,8/27/2023,2538318
1700,8/28/2023,2349783
1701,8/29/2023,1888361
1702,8/30/2023,2014332
1703,8/31/2023,2619753
1704,9/1/2023,2742962
1705,9/2/2023,2090550
1706,9/3/2023,2081144
1707,9/4/2023,2645012
1708,9/5/2023,2243518
1709,9/6/2023,1966818
1710,9/7/2023,2283466
1711,9/8/2023,2405867
1712,9/9/2023,1986960
1713,9/10/2023,2584116
1714,9/11/2023,2402206
1715,9/12/2023,1991959
1716,9/13/2023,2113134
1717,9/14/2023,2594681
1718,9/15/2023,2583450
1719,9/16/2023,1978051
1720,9/17/2023,2648872
1721,9/18/2023,2495564
1722,9/19/2023,1992774
1723,9/20/2023,2207680
1724,9/21/2023,2651017
1725,9/22/2023,2684773
1726,9/23/2023,2065137
1727,9/24/2023,2673136
1728,9/25/2023,2543611
1729,9/26/2023,2058961
1730,9/27/2023,2138667
1731,9/28/2023,2616213
1732,9/29/2023,2602713
1733,9/30/2023,2140656
1734,10/1/2023,2682443
1735,10/2/2023,2473560
1736,10/3/2023,2001087
1737,10/4/2023,2213969
1738,10/5/2023,2697601
1739,10/6/2023,2762717
1740,10/7/2023,2232660
1741,10/8/2023,2690153
1742,10/9/2023,2681432
1743,10/10/2023,2293858
1744,10/11/2023,2372544
1745,10/12/2023,2717399
1746,10/13/2023,2673246
1747,10/14/2023,2226278
1748,10/15/2023,2797326
1749,10/16/2023,2627942
1750,10/17/2023,2213819
1751,10/18/2023,2333408
1752,10/19/2023,2695224
1753,10/20/2023,2672262
1754,10/21/2023,2161735
1755,10/22/2023,2770224
1756,10/23/2023,2607835
1757,10/24/2023,2138741
1758,10/25/2023,2251047
1759,10/26/2023,2630523
1760,10/27/2023,2615422
1761,10/28/2023,2015907
1762,10/29/2023,2520086
1763,10/30/2023,2292796
1764,10/31/2023,1665839
1765,11/1/2023,2157473
1766,11/2/2023,2415581
1767,11/3/2023,2502391
1768,11/4/2023,2045614
1769,11/5/2023,2669284
1770,11/6/2023,2491545
1771,11/7/2023,2019225
1772,11/8/2023,2209479
1773,11/9/2023,2658959
1774,11/10/2023,2591818
1775,11/11/2023,2025517
1776,11/12/2023,2683745
1777,11/13/2023,2533300
1778,11/14/2023,2035761
1779,11/15/2023,2224646
1780,11/16/2023,2550045
1781,11/17/2023,2692471
1782,11/18/2023,2379699
1783,11/19/2023,2608680
1784,11/20/2023,2532525
1785,11/21/2023,2647461
1786,11/22/2023,2741610
1787,11/23/2023,1547419
1788,11/24/2023,2199057
1789,11/25/2023,2605387
1790,11/26/2023,2908785
1791,11/27/2023,2633263
1792,11/28/2023,2171943
1793,11/29/2023,1948492
1794,11/30/2023,2276703
1795,12/1/2023,2308362
1796,12/2/2023,1864999
1797,12/3/2023,2321965
1798,12/4/2023,2266792
1799,12/5/2023,1834118
1800,12/6/2023,1998620
1801,12/7/2023,2385629
1802,12/8/2023,2431077
1803,12/9/2023,1975896
1804,12/10/2023,2419762
1805,12/11/2023,2313610
1806,12/12/2023,1954074
1807,12/13/2023,2129193
1808,12/14/2023,2502604
1809,12/15/2023,2622770
1810,12/16/2023,2252933
1811,12/17/2023,2495579
1812,12/18/2023,2366275
1813,12/19/2023,2291458
1814,12/20/2023,2514171
1815,12/21/2023,2650811
1816,12/22/2023,2775193
1817,12/23/2023,2606577
1818,12/24/2023,1972309
1819,12/25/2023,2028266
1820,12/26/2023,2665034
1821,12/27/2023,2663517
1822,12/28/2023,2633264
1823,12/29/2023,2636605
1824,12/30/2023,2563962
1825,12/31/2023,2116715
1826,1/1/2024,2291679
1827,1/2/2024,2547171
1828,1/3/2024,2410354
1829,1/4/2024,2264212
1830,1/5/2024,2279609
1831,1/6/2024,2198735
1832,1/7/2024,2377166
1833,1/8/2024,2188396
1834,1/9/2024,1760965
1835,1/10/2024,1925737
1836,1/11/2024,2284892
1837,1/12/2024,2326401
1838,1/13/2024,1908969
1839,1/14/2024,2103875
1840,1/15/2024,2192498
1841,1/16/2024,1861542
1842,1/17/2024,1846156
1843,1/18/2024,2098178
1844,1/19/2024,2094123
1845,1/20/2024,1753693
1846,1/21/2024,2242178
1847,1/22/2024,2053128
1848,1/23/2024,1605605
1849,1/24/2024,1813074
1850,1/25/2024,2221349
1851,1/26/2024,2278489
1852,1/27/2024,1772385
1853,1/28/2024,2255804
1854,1/29/2024,2075944
1855,1/30/2024,1614061
1856,1/31/2024,1800869
1857,2/1/2024,2190678
1858,2/2/2024,2208021
1859,2/3/2024,1751926
1860,2/4/2024,2271930
1861,2/5/2024,2158187
1862,2/6/2024,1695138
1863,2/7/2024,1874991
1864,2/8/2024,2302124
1865,2/9/2024,2361395
1866,2/10/2024,1882990
1867,2/11/2024,2196864
1868,2/12/2024,2280988
1869,2/13/2024,1749107
1870,2/14/2024,2017085
1871,2/15/2024,2509567
1872,2/16/2024,2611520
1873,2/17/2024,2159306
1874,2/18/2024,2473686
1875,2/19/2024,2605540
1876,2/20/2024,2202696
1877,2/21/2024,2155103
1878,2/22/2024,2511370
1879,2/23/2024,2544489
1880,2/24/2024,2105616
1881,2/25/2024,2544518
1882,2/26/2024,2633264
1883,2/27/2024,1923860
1884,2/28/2024,2133631
1885,2/29/2024,2544702
1886,3/1/2024,2602711
1887,3/2/2024,2128130
1888,3/3/2024,2558672
1889,3/4/2024,2403980
1890,3/5/2024,1975223
1891,3/6/2024,2201796
1892,3/7/2024,2568447
1893,3/8/2024,2720292
1894,3/9/2024,2342497
1895,3/10/2024,2711150
1896,3/11/2024,2554568
1897,3/12/2024,2188221
1898,3/13/2024,2387222
1899,3/14/2024,2568760
1900,3/15/2024,2706989
1901,3/16/2024,2402684
1902,3/17/2024,2728408
